{
  "info": {
    "name": "QA Portfolio - Public API Smoke",
    "_postman_id": "demo-portfolio",
    "schema": "https://schema.getpostman.com/json/collection/v2.1.0/collection.json"
  },
  "item": [
    {
      "name": "List posts",
      "request": {
        "method": "GET",
        "url": {
          "raw": "https://jsonplaceholder.typicode.com/posts",
          "protocol": "https",
          "host": [
            "jsonplaceholder",
            "typicode",
            "com"
          ],
          "path": [
            "posts"
          ]
        }
      },
      "event": [
        {
          "listen": "test",
          "script": {
            "exec": [
              "pm.test('Status is 200', function(){ pm.response.to.have.status(200); });",
              "pm.test('Returns an array', function(){ pm.expect(pm.response.json()).to.be.an('array'); });"
            ]
          }
        }
      ]
    },
    {
      "name": "Get single post",
      "request": {
        "method": "GET",
        "url": {
          "raw": "https://jsonplaceholder.typicode.com/posts/1",
          "protocol": "https",
          "host": [
            "jsonplaceholder",
            "typicode",
            "com"
          ],
          "path": [
            "posts",
            "1"
          ]
        }
      },
      "event": [
        {
          "listen": "test",
          "script": {
            "exec": [
              "pm.test('Status is 200', function(){ pm.response.to.have.status(200); });",
              "pm.test('Has userId field', function(){ pm.expect(pm.response.json()).to.have.property('userId'); });"
            ]
          }
        }
      ]
    }
  ]
}